99.05298172121893,99.29845240781816
93.45584587337414,93.44394837278554
90.17483432568999,90.22384950081158
90.28123958149921,90.21854054897398
95.41852921042415,95.35536517199665
95.79983299309717,95.70078857605353
97.24518933386233,97.17492015732836
86.47500291544955,86.05134962523249
83.24203827708953,83.26284048810015
97.9235502636811,98.03863580514411
97.19450971717797,97.21486765479261
92.3674407721999,92.36794629812351
89.57501583211804,89.88232222841287
95.47973965654947,95.46344583631975
91.0897001333692,91.14834965645463
102.10538651312328,101.83375587615984
97.27765939130516,97.21016305287316
92.79306179543676,93.1003886420105
93.50279582129822,93.47471439648956
85.76351375134793,85.07727399049435
105.07661616142065,104.9454968697791
103.97329238520506,103.94285649952775
98.23091884798771,98.35286265547546
84.52789643028092,84.2156489054168
90.66715060205263,90.45603248887772
84.53447819868148,83.94068692510001
100.81360476837139,100.76031589375447
89.1059551374374,89.2548307569104
90.34420516586466,90.40804168500966
91.84726167627484,91.8341390390205
88.56339802895042,88.6194152850739
84.48752825075742,84.18814595732005
99.02424133253643,98.98386619112347
88.58906692571264,88.86213064476891
103.29449267082626,103.22905603555904
100.60496271007334,100.67836954881858
101.18854617492389,100.95754441093726
103.02968618884334,102.97366325131355
102.37458084070659,102.18844918530789
99.65587170671112,99.76675883853744
93.68533019827404,93.57138876038874
93.47559117857587,93.68634734668814
86.02985597929099,85.55945666559404
92.43567177128581,92.74523994466341
93.79678147652369,93.6089562602055
93.50060189849805,93.84802974903488
92.18929424082445,92.28400864079202
85.00331950108207,85.13816169829278
90.15289509768809,90.4152689461211
87.20952826895316,87.27171234062877
90.78057641082245,90.71961716775871
88.63930775783699,88.39006546828222
92.96287142017145,93.328738650297
91.84265443839443,91.874484182289
89.86592999542323,90.08460705536908
103.33529963490982,102.79911790613022
89.12723618859924,88.65938012797682
91.83365935491365,91.83984398068895
87.2435340723561,87.08432869933478
104.71812917586958,104.69230609585105
94.481504782463,94.05630049774749
97.82833401415286,97.67193908963503
86.69768607966884,86.32744706535317
89.37514946502074,89.41780788826571
99.25899107215677,99.41841123261287
88.91793595346111,88.66234511208637
97.65523350521785,97.76406468423414
98.24715387670912,98.17281169735446
96.67871846685327,97.13689450557507
84.59744378304694,84.45891837129096
87.95765594381795,87.45889039384969
90.13885399176687,90.24666034817534
94.23424968288155,94.29746915459606
84.28327403805972,84.01358771595068
98.41959620880408,98.38554408928843
94.21318802399975,94.28905738618249
89.17111464460305,89.30874840461155
86.14613388770105,85.92377853786678
97.60192118117322,97.54402616046258
89.41595642910426,89.68155772807546
84.88287313935164,84.9781034591876
88.79880594541079,88.76879761600225
84.2852485685799,84.05509235541643
95.22963245732777,95.38537875985406
99.07601791062092,99.02191463250477
95.67631513944647,95.69658744972418
102.90770408115276,102.91550031680225
88.29288734768699,88.63907770428801
96.91259063735352,96.78998557603694
89.35935322085936,89.43874004090225
93.04097507185823,93.05357868969867
102.99041497071994,103.07377467937289
101.21333750256602,100.96559043715882
94.01924524846294,93.74832816402107
100.72211818760348,100.6266567471593
96.62518675052867,96.62704452713984
89.08620983223571,89.24633309776817
95.8913195738651,95.7590624160868
106.4296083522978,105.63409072801
95.63090093748254,95.59705201708374
96.50847005755854,96.69357831556289
99.94393377037608,99.88169695654818
85.5820763357722,85.09703303086593
89.98615696487363,89.84551802185723
98.2789657573119,98.42688474355276
97.05146595060555,97.1320989827156
94.17611072867655,94.13515206664982
97.36936536435311,97.51749795837026
93.09099651170254,93.09319685644385
102.19073011005067,102.26149028958088
92.26410700831094,92.61582595226668
85.65337882677838,85.37713469767112
92.91263058804711,93.11946031686529
101.28683391637239,101.37355645469705
90.58904695036586,90.17258456728308
90.2235394118542,90.28344627326811
98.65193263334419,98.65535887123809
88.58380151099219,88.12896267473292
89.32359227921626,89.50557820870557
101.98954738927324,101.82308347221573
93.90121220181273,93.93328593279483
95.04907261087213,94.92613347131595
92.207065015506,92.5164115901934
85.21788515094066,85.24480221482253
88.38152182881467,88.73811751972397
93.09692010326305,93.12440210592507
93.99489270538083,94.24210520744549
102.6874342320137,102.69170410245846
91.06249549064685,91.36818992053367
93.0811238591017,93.27061923245577
97.78401677358902,97.95825818254212
97.26493463906407,97.25558055137657
104.22054748478648,103.96409722921356
90.1853651551309,90.43632427997903
96.34919126226474,96.51353462229503
100.80504846945065,101.19245471224161
84.57265245540479,83.99223107217
99.0343333774173,99.07708599204256
98.24166906970865,98.28236388825206
91.51751507940628,91.82515339699279
96.69495349557468,96.68193081302087
92.72483079635083,92.93387398237832
95.45604529030739,95.44952703934285
85.22819658810155,84.75840057928696
94.74477551848578,94.96585436339905
94.51002577886547,94.69210022577016
102.87435645458987,102.92788746083392
86.70821690910975,86.79692912157924
95.22436704260731,95.16069110293773
103.94455199652258,103.7260447487069
96.84852809158798,96.94447032692023
98.42551980036458,98.51602426972721
95.98170919323293,96.06786928650666
100.00514421650139,100.14885937175262
91.57521524905128,91.73923044677093
88.59235780991293,88.64967267823698
95.0613585785532,95.0773540645302
90.1471908984076,90.1773937224894
87.83852593576763,86.86288957614619
100.53673171098743,100.75259432409388
96.04204207023815,96.23941898566449
84.586693561326,83.53244111897988
84.9826966267603,83.63396441061303
99.19800001831148,99.13895199802124
101.41013237774307,101.40133936547403
96.01176593559552,95.99533186671141
101.98910860471321,101.55737398844354
87.76151924548097,87.78268167677533
88.33369431177053,88.46990718891544
97.32855840026956,97.37289530078868
98.19559669090467,98.12350702888665
95.33099169069655,95.40665581335628
97.6394372610565,97.97680060232125
98.93648442052883,98.9917511222738
96.8496250529881,97.11413060927583
94.78053646012889,94.86286193634936
104.60207065973952,104.22656259784566
89.84618469022152,90.30495431757589
101.06788042091343,100.89364941552498
96.9468158330365,96.98201647126001
98.9665411628914,99.15309476477427
96.64032481784996,96.70130789275555
92.91219180348708,92.9839490762119
89.78321910585606,89.96867853042698
88.40368044909658,87.99836590312287
97.83008915239303,97.80623871552228
91.82444487915285,91.8787173120358
91.3733743514338,91.14148919109078
91.23208572310155,91.53174223887703
101.38907071886123,101.48754080851103
105.4366388929318,105.37886679170782
87.784994219443,87.47003904833895
95.10457885771694,95.29097028380426
100.21992925863998,100.2717952786756
88.9787076150264,89.17419132288927
91.47232026972237,91.2463857537843
88.67901776052045,88.26517011274399
87.75076902376004,87.66740009747781
97.58151769913148,97.49434649887547
104.57947325489756,103.98947413236095
88.38042486741458,88.4396120013493
91.07697538112812,91.07205808327848
93.79546512284357,94.07992348621377
94.80642474917111,94.82576829579483
86.46425269372861,86.27621795003614
91.45893734064119,91.58458699728106
93.81433285892521,93.94818752627492
100.71816912656313,100.70168935387511
100.28794086544589,100.33021479002394
87.26130484703764,86.76450766618467
86.49781971257153,86.52397446618392
101.57752868739756,101.54925983326137
85.26680962938491,85.02251878293367
94.03284756982414,93.92528098216638
101.27981336341179,101.20643177914206
98.80945629039783,99.09823671692669
103.32081974442855,103.18259483561809
85.73214065530522,85.10275974727114
89.85079192810191,90.07738497892495
87.0285296379375,87.01630792425414
87.78652996540313,87.8934805854546
96.17916224525003,96.16540907638677
89.08357712487548,89.01408731134433
100.69008691472071,100.6847986862752
98.22455647186716,98.10889177478833
95.70373917444886,95.39696437221522
97.9674287196849,97.81827328812682
90.79308177078354,90.93483918787064
92.45761099928771,92.65069028838656
101.24383302948867,100.91148923530767
87.87231234689057,88.17119589647967
99.3724168809266,99.6575517881642
92.77660737443532,93.07199590041631
100.57183447579045,100.20190016373039
99.52533330009983,99.2961045738711
91.3733743514338,91.38792601344988
101.05076782307195,101.11586654825118
99.89808078385211,99.600971790046
97.68287693250026,97.64374291489906
95.44529506858645,95.33276790944905
100.02423134486304,99.82529426584159
96.99310760412051,96.68155024579977
101.44699028078625,101.4217891154214
104.36446882047893,104.17439535432794
94.47031577618202,94.63412158008413
90.45872793603456,90.34996027521578
97.23663303494162,97.37615371909368
100.23682246420145,100.12865647951998
90.77860188030226,90.75452045186347
98.3713299071999,98.2929035044155
89.1314046419196,88.77893443162628
95.31497605425518,95.64841966096054
91.80601592763126,91.91509094223323
93.97426983105906,94.19912609176839
102.86338684058892,103.00496569328692
88.2215848566808,88.06907068594359
87.26569269263803,87.22661102946944
92.93742191568926,93.00368035618243
104.34691743807744,104.14453169471375
102.3401362527436,101.86553588713463
98.8355639717201,98.8637639429407
96.59732393096623,96.68262359436488
96.7019740485353,96.9383867843589
96.60236995340668,96.81257858160205
88.45326310438088,88.5890964779905
87.49473823297787,87.2908555379667
89.65114495328464,89.752036066573
89.34772543001836,89.55220374446748
93.64408444963045,93.65891443689333
90.54516849436207,90.01043465872789
100.16179030443494,100.24154565615112
102.73328721853767,102.63426774870976
91.57675099501141,91.67883573795774
99.85178901276811,99.97549587010661
93.13838524418667,93.31195062823753
94.74521430304581,95.11944350071366
96.93869831867579,97.05506219369039
90.46618727355522,90.8727574659917
97.9733523112454,98.18976749795632
92.47757569676943,92.24583483763939
99.8989583529722,100.02193012901188
100.94699527462296,101.06101222896626
91.5673171269706,91.71461430389871
93.04843440937884,93.12718945824707
99.30637980464086,99.52780886519935
87.52457558306044,87.48855215869133
98.27282277347136,98.24414191657246
98.98869978317335,99.0554918861298
96.25902103517693,96.25377712389894
88.86813390589683,88.8691752664759
85.9962889604481,85.86052813453472
104.54349292097444,103.88979656384112
89.95544204567099,89.85573414836489
95.39790633610235,95.64742654117862
93.38564034376807,93.56112966050301
100.95730671178386,100.56989608946463
94.40011024657593,94.55113603007152
88.57612278119153,88.24764023631127
88.20886010443972,87.74010105871497
105.53514602666033,104.8641054464378
93.60963986166746,93.4409866999926
96.375298943587,96.30952444463486
102.66417865033166,102.80733968350836
92.2290042435079,92.49993354665133
99.89171840773155,99.79948897925118
104.70715956186864,104.39205670721634
96.03195002535728,96.24620124291658
90.43547235435256,90.74151275172193
98.86825342144292,98.96231868538683
95.84327266454093,96.12086090398878
93.04975076305898,93.14973636928374
95.47140274990872,95.63583938184814
87.19263506339169,87.44896681224503
100.3851316454943,100.20022896536642
101.73922079777157,101.62487565848454
86.00967188952926,86.2359834521614
86.75297293423361,86.6750390636418
86.34248997831807,86.12802563942142
90.3159035617422,90.24235381962302
94.0857211093087,94.15037728267095
90.82884271242663,90.49968931097231
89.80801043349821,90.07225153306894
99.05561442857915,99.16692302105497
105.55401376274197,105.17489364801662
98.56944113605702,98.66187987678171
92.67831963298681,92.49699844986475
95.82857338177963,96.12065822117023
86.25539124315053,85.70978732168027
99.71993425247668,99.71744604392364
97.62517676285526,97.38571450245803
98.78905280835608,98.71582612843162
101.90661710742606,102.01841747287352
90.65003800421114,90.61363351995323
97.45470896128049,97.4598319815131
97.91674910300053,98.01035900472715
88.8797616967378,88.81781352751835
101.14598407260019,101.14541602951016
94.83494574557359,94.51268515036003
96.79038913738295,97.05145445585896
96.21931103249351,96.42233948471784
91.70509547882251,91.68913391470227
90.43174268559225,90.27653222774228
87.10948538926449,86.8464598083637
105.82276930576525,105.09236838030068
106.04150340894418,105.41518396684745
94.2335915060415,94.3036521173612
87.54761177246245,87.40639828927118
86.66916508326636,86.51874842353567
85.87584259871765,85.73124150504071
97.51218973864545,97.54330638698588
97.54334344240817,97.6268390823211
87.07394383990142,87.1658387657801
100.10562588075008,100.06898998480754
96.33339501810337,96.44100381037377
91.47232026972237,91.24750372106813
92.06709274085388,92.02268193372082
97.10148739044992,97.1373614802619
85.42499146327862,85.32268889239525
92.29175043559333,92.1953662843864
91.19764113513858,91.14049214109342
101.61789686692107,101.11223287895608
98.37176869175993,98.49089407114182
100.94699527462296,101.04052112215821
94.56202174922998,94.90788802804626
101.44699028078625,101.39247189540991
97.25023535630277,97.10072953425923
93.68533019827404,93.61403009032709
104.46429230788758,104.46143745963353
90.75205541442,90.21324336488304
88.5688828359509,88.72249465283402
87.19790047811216,87.40357612312799
100.63172856823564,100.23707256418764
85.7885244712701,85.39920956984314
100.79407885544971,100.65358262112521
92.91263058804711,93.08937575060325
102.72977694205736,102.17619711739324
84.09108640076306,83.8872892546534
96.84852809158798,96.92243879399619
91.6897380192212,91.58544647198049
89.7790506525357,89.49365083565407
104.45112877108646,104.00810912564337
102.48844543403645,102.69932427165348
97.35861514263217,97.04682043182991
101.08411544963482,101.22001081903225
94.12279840463192,93.88694368842197
86.54849932925592,85.85105882825427
89.59344478363964,89.13781563967358
90.90211973395297,90.97878816886622
95.82857338177963,96.11853810126557
86.89184824748565,86.95458558950939
100.02423134486304,99.81193193731177
100.47157220382178,100.60194010475287
98.17563199342294,98.346641645762
95.08439476795519,95.38777954938404
102.16396425188836,101.92272180355279
87.2435340723561,87.06840532377963
90.01840763003645,89.7793241770389
103.27913521122494,102.80739474044684
93.04843440937884,93.08581509403142
97.91674910300053,97.97840874603752
84.8580818117095,84.48449093546161
100.49855745426414,100.20048917003554
94.35842571337233,94.31552491890987
99.52533330009983,99.24318834793756
99.01919531009598,99.01033734534074
88.95786534842458,88.48768013061088
102.10538651312328,101.77015033687506
88.86001639153612,88.85118755276402
89.38940996322195,89.69286789930491
95.01396984606909,95.18647000172676
91.68776348870101,92.0756584814852
91.13950218093355,91.4376582347072
93.97426983105906,94.14653670130063
86.16719554658289,85.9148200554141
96.93869831867579,97.04003758637144
101.89257600150485,101.49530359949607
93.39946205740927,93.41370635693191
98.61507473030099,98.7261910995603
101.24953722876916,101.38134700616614
103.37522902987328,103.20864083055584
88.40368044909658,88.0057659309516
84.28327403805972,84.03646754629834
85.65337882677838,85.38992925573892
96.47051519311525,96.4332861339419
93.36282354664611,93.14664802567516
102.0294767842367,101.8392394522857
99.94393377037608,99.87002246296514
97.43562183291884,97.29502945630473
104.13344874961894,103.28442011142305
92.957386613171,93.29905349935414
96.64010542556994,96.7865662926665
86.41291490020416,86.01939004912605
103.90703591663933,103.65564336854594
86.46688540108883,86.38383545383054
89.12723618859924,88.69840595540289
97.9698420347651,97.75913623882023
88.20995706583982,88.28060863839117
87.54761177246245,87.41981994495062
100.89916775757881,100.86998331114863
88.12066440787207,87.98442247926822
99.6023399903865,99.27624742372016
98.46917886408838,98.42268362126195
91.98350428216662,91.85052618109192
89.45939610054802,89.5279216006338
87.68582890887441,87.76051949867723
92.3674407721999,92.35665956073397
92.79306179543676,93.10415259420982
87.69284946183502,88.06113418757921
91.67964597434033,91.65275437697754
93.62390035986871,93.53194664091687
98.19976514422501,98.15320156017331
103.11832066997101,102.71323310403703
101.99766490363398,101.92534313921941
92.91570207996736,93.15201277154209
94.26540338664427,94.56781317447711
98.80945629039783,99.10698683157032
88.77401461776867,88.48968483242878
98.2789657573119,98.38793348648913
102.77102269070096,102.54373611899062
88.43702807565948,88.54341684720747
93.60963986166746,93.44243549099927
103.61963202981444,103.55314145058718
90.50480031483855,90.46581884869009
93.63969660403008,93.54709608885513
92.57805736101812,92.68454163657314
86.69768607966884,86.30077897392765
93.80336324492426,93.50709153741899
92.2290042435079,92.16113561830433
101.36515696033919,101.3638366763057
88.89994578649957,88.8991740540432
88.6151746070349,88.87075160189214
102.69028633165394,102.89507502602099
92.2856074517528,92.54051566082602
98.31297156071483,98.2798889553619
104.54349292097444,103.86910861365776
89.61604218848159,89.86169472440518
101.38907071886123,101.47436796584132
93.63004334370923,93.7801746343075
91.70509547882251,91.685861056186
100.35639125681179,99.8419730013038
100.55450248566896,100.35264406232317
89.75974413189404,89.82646508156584
87.26130484703764,86.76201646025844
102.75895611529988,102.74770659524482
86.74244210479272,86.7799414859778
104.66218414446475,104.26806848020668
90.82884271242663,90.47726280857158
95.0613585785532,95.07537881392453
91.23208572310155,91.53187377098992
87.0783316855018,87.13328804426031
85.00331950108207,85.14219976353682
95.63090093748254,95.53449067121163
93.77177075660153,94.04149836174655
96.62101829720827,96.42278695883475
102.42811255703124,102.38752534818626
96.30136374522061,96.40925841409454
99.74121530363853,99.54413486517159
100.76424150536712,100.79335440766543
100.71948548024325,100.67099715033417
94.79523574289017,94.59306950425831
100.51983850542595,100.23941798528311
87.2145742913936,87.04262883287446
85.46053301264168,85.04045144631253
91.30602092146796,91.35383050152585
96.56989989596386,96.42114682554164
95.3685077705798,95.46326635795047
95.47973965654947,95.4272650224493
94.11051243695087,94.31463717330506
94.68685595656076,94.88622145114685
94.90559005973972,95.03066458779038
99.62713131802863,99.78230172892584
87.07526019358154,86.95209923488436
104.56236065705608,104.3818900472288
91.89728311611917,92.2793927672394
90.92800802299523,90.93173115056787
91.51751507940628,91.82773170620838
95.17171289540275,95.43466020788263
106.37081122125272,105.79779750835677
91.65551282353822,91.70743795539873
88.29288734768699,88.65505444678978
84.57265245540479,84.0147986272277
96.91478456015373,97.08502601950339
98.52600146461327,98.59269296682531
101.25282811296944,100.85184323935435
102.11218767380387,101.95140160600339
89.92626287242845,90.11515126980792
96.33339501810337,96.49226024979951
95.53743982619444,95.77534324369388
96.7019740485353,96.92175350429441
88.67901776052045,88.29419273469362
99.38053439528728,99.44733349470333
85.84446950267494,85.84655434094906
90.83476630398714,90.37981650959613
101.03387461751048,100.8892581864943
87.34884236676524,87.0742358966081
95.53502651111421,95.62084632385539
99.80067061152367,100.04468227411051
87.68122167099402,87.50086629297628
86.70382906350937,86.21879537475591
96.62518675052867,96.62701565972269
97.14997308433412,97.3053929758771
99.78465497508229,99.88992586262746
97.51218973864545,97.57844035390643
102.459924437634,102.38818955329678
86.9293643273689,86.68627740968712
92.49819857109122,92.50367142381309
88.56339802895042,88.60225079471137
97.72500025026392,97.90606469807425
96.6017117765666,96.33074907444778
87.72400316559772,87.67658034083955
92.04910257389231,92.18454582598496
95.84327266454093,96.07512452281024
92.04076566725159,92.17561223733354
103.6711892156189,103.24765574275078
97.40095785267583,97.68756403987071
92.23053998946801,92.2449469725643
87.01975394673673,86.814969182029
105.61719873938742,104.72638875718665
90.72265684889743,90.96191601915869
103.30348775430704,103.19624293054265
87.20952826895316,87.2853743900232
103.71770037898294,103.10389198761366
95.22019858928698,95.42323730865381
94.54315401314832,95.03760935111517
103.93665387444187,103.88940789122806
104.60207065973952,104.19233047557417
93.13224226034612,93.26352862074599
91.92339079744143,91.87475051471073
104.82299868571866,104.90093770695738
93.73315771531816,93.74583145782161
92.69060560066787,92.80589794642582
95.31958329213556,95.28201713038412
97.6809024019801,97.74524537636806
89.66628302060596,89.82318156946847
90.22551394237439,90.43007185691782
91.09825643228997,91.12112055560122
86.74748812723314,86.89643160957301
87.04959129681932,86.92986173723374
104.86051476560192,104.79219976515377
88.77620854056886,88.85740723072193
85.99102354572763,86.21103915752836
87.65994061983217,87.52568115013717
87.75076902376004,87.69632294186248
96.14120738080672,96.334046790746
99.3724168809266,99.64100563468081
105.07661616142065,104.92874928785157
96.73181139861788,96.99637543275774
97.72500025026392,97.62970074266262
102.71485826701607,102.76890115916466
84.67752196525386,84.8074360395676
100.04924206478522,100.09123883435994
96.01176593559552,95.98836827720741
92.0236530694101,92.05535903112239
102.6874342320137,102.67975662530488
104.90768410580598,104.37754050261127
98.40489692604278,98.4382436656765
88.58380151099219,88.17579933267596
102.82630954526572,102.62437771723283
92.67831963298681,92.51207013527026
94.20989713979947,93.98987139419977
94.39089577081513,94.64714333341543
94.74521430304581,95.1067454408644
103.30699803078735,102.75735943701191
83.95023655699087,83.44021911014146
97.72236754290367,97.63917510323357
90.94007459839625,90.97653723917573
90.4383244539928,90.14495222652475
93.64386505735042,93.54906672552532
86.93331338840925,86.64070721753704
99.51019523277853,99.5576850884422
89.26808603237146,89.36375766910759
85.21788515094066,85.25608550964579
93.22987182495457,93.34815514287764
91.71606509282348,91.76606883734324
93.37006349188674,93.73312846517818
94.21318802399975,94.24237740923489
92.2555507093902,91.72723396907712
89.24022321280904,89.3261111202073
94.7715413766481,94.63858725922499
97.08327783120832,97.5060749997492
92.71408057462992,92.79537745797664
94.69190197900122,94.6889938945469
97.20745386169908,97.22540121111079
104.26179323343007,103.86437669170253
94.7044073389623,94.7876781735349
87.68626769343444,87.46807296115774
92.67393178738644,92.98458992346967
89.86592999542323,90.07832287491827
101.59595763891916,101.6354801655202
93.38278824412785,93.58889544860209
96.9468158330365,96.95809561494023
104.36446882047893,104.13260746118247
105.51605889829868,105.08607900570449
96.26691915725763,96.28134667284108
104.71812917586958,104.69567419542317
102.81972777686515,102.94141643261763
86.00967188952926,86.25009779711489
98.97092900849182,99.06785549777213
88.20886010443972,87.73513162228117
90.93371222227572,90.72244346225578
95.00453597802827,95.07042600597718
89.7432897108926,89.54010818730102
101.73922079777157,101.57972575586972
98.9720259698919,99.11029264879788
85.87584259871765,85.7004299224245
99.13657017990617,99.28328510005893
91.39970142503606,91.47237004294946
94.26057675648384,94.35660063120984
100.69820442908141,100.7760686243282
89.35935322085936,89.44531758578704
102.03627794491729,102.01267046637666
94.46483096918155,94.42864411103118
95.84436962594103,95.77650075704285
100.53848684922757,100.6977408379821
88.57414825067136,88.16367399446584
89.9350385636292,89.92962571977112
105.02659472157629,104.75933048885507
99.24714388903573,98.8227155016143
97.23663303494162,97.3841165500571
98.33776288835696,97.90416177937458
95.70944337372933,95.58711505276459
89.98615696487363,89.84954109173576
102.81007451654432,102.4997047462666
88.2189521493206,87.97717780178913
104.6468266848634,103.99002144342238
92.51860205313298,92.56237663105047
94.8606146423358,94.93881182638778
95.79412879381667,95.89981825239919
106.60556096087304,105.91577625071476
90.96289139551826,91.18340661307455
102.47572068179538,102.64210127164095
99.21752593123318,99.09995420638778
86.66916508326636,86.53501275942106
91.19544721233838,91.30600286837124
105.82276930576525,105.04228328360885
88.63930775783699,88.42734484041033
99.2640370945972,99.12574611255921
98.8403906018805,98.6181056846526
84.59744378304694,84.45009420995267
95.34283887381758,95.27809445706406
86.66346088398586,86.39586739950617
102.35966216566531,101.95545686237664
91.4857031988035,91.47430331423719
86.9673191918122,85.80226545622735
96.03195002535728,96.23854030405572
96.48653082955664,96.64637800003673
101.80130881301696,101.54086636383555
98.21051536594595,97.98718037773686
96.93891771095582,96.96982545175523
100.47968971818248,100.25851884974121
89.3874354327018,88.49433809540186
89.61757793444171,89.71486769923011
95.35205334957836,95.35152990561163
99.53081810710029,99.65696496477038
94.23424968288155,94.26939073840184
96.54159829184141,96.49154118439877
98.41959620880408,98.38757099728944
88.99603960514789,89.07393431332729
100.34015622809041,100.46616336002442
98.3713299071999,98.2549571976542
102.94324563051586,102.7628135127815
95.28228660453233,95.3911992001221
100.95862306546395,101.04808689007125
99.01897591781596,99.04847752827702
97.22281132130043,97.48957611826283
103.28834968698574,103.17153189024513
89.19634475680525,89.14275612099998
91.48263170688325,91.35494522371839
97.79037914970955,97.7722066196083
103.98338443008592,103.97403808026267
102.87435645458987,102.89312450280606
102.90770408115276,102.91734358231217
84.91951165011483,84.67756807036896
104.71812917586958,104.71842123916296
87.41136916657064,87.43057666724546
99.07755365658106,99.20970226259662
89.31657172625566,89.22294794266706
100.49329203954365,100.04662361742423
95.99487273003405,96.12709018074035
99.86319741132908,99.66951495230607
89.25865216433063,89.21845590131106
99.2872926762792,99.3027243389228
95.6997901134085,95.66141963473403
87.26130484703764,86.79013583372561
102.42811255703124,102.4103693788051
97.83667092079358,97.90600032583863
89.48572317415031,89.46007026120644
86.53160612369444,86.3715422742088
95.34283887381758,95.29110374333099
93.13224226034612,93.27333028930745
92.27046938443148,92.1652484798796
95.0613585785532,95.0528493939418
92.69060560066787,92.83083148422604
102.86338684058892,103.03807109144638
90.90211973395297,91.04317604304008
92.18929424082445,92.27204438882602
89.84618469022152,90.29371224750359
96.29456258454,96.24257940302407
82.92326129422194,82.62671811061016
100.96520483386453,100.79373171523541
95.16820261892248,95.39615464513592
90.93371222227572,90.69592078082398
92.18315125698393,91.95350889096828
100.63172856823564,100.29023458528256
89.84179684462114,90.24163956266686
87.10948538926449,86.87764349946512
87.6371238227102,87.3096484191082
88.86001639153612,88.88360048747818
93.04843440937884,93.06806544121484
98.17563199342294,98.34985228137354
86.28347345499296,85.78772946856172
87.98288605602015,88.00435115332236
88.29288734768699,88.65527856959856
99.0898396242621,99.39785663115065
99.98320498849948,99.67496901353404
100.71948548024325,100.68643218681511
88.33369431177053,88.47701047405523
87.72400316559772,87.66264826350043
87.68582890887441,87.77191049011383
97.23663303494162,97.3749286142169
99.45644412417387,99.54048619016423
85.97917636260661,85.65931082389379
96.55871088968289,96.58317284189245
103.23284344014091,103.1790139374006
102.03254827615699,101.88414076618203
95.47140274990872,95.6171729400791
91.80601592763126,91.97671223294758
96.34919126226474,96.47508226927634
100.99219008430688,101.06550189437318
99.94217863213593,100.0373532704056
94.51002577886547,94.68451894962065
90.92800802299523,90.95069387189953
96.95822423159747,97.07551057819721
98.68352512166692,98.67590385602163
93.63969660403008,93.57880694853877
95.86981913042324,95.96595181369086
100.53848684922757,100.70281621862289
94.35667057513216,94.46701223517077
87.78652996540313,87.88419536682288
102.3401362527436,101.8922027031255
85.72292617954442,85.38182454322934
89.01051949562914,89.15570377516399
98.86825342144292,98.95976029309433
87.44032894753315,87.57600539907337
97.9698420347651,97.79849469524781
95.39790633610235,95.63563933886682
88.9534775028242,89.0995152022305
94.25991857964378,94.46890314362047
93.29744464720042,93.19868615579155
97.45470896128049,97.4621433647166
101.78880345305586,101.55399954177385
87.63646564587015,87.5234716305162
99.2640370945972,99.1308576409305
85.84446950267494,85.84355833603551
95.79369000925661,95.73423948943984
85.73214065530522,85.1119789768399
94.52099539286641,94.23794175585367
96.54159829184141,96.51384601315765
86.15798107082209,85.93201879442806
94.65328893771787,94.69809018407243
102.71288373649588,102.87601733294052
97.6394372610565,97.95820729114818
92.47209088976896,92.37240693965207
101.08411544963482,101.22478312881132
91.70509547882251,91.71340930063927
96.07297638172082,96.19509751222874
86.70382906350937,86.2343101098807
89.13315978015976,89.34187178058794
104.13344874961894,103.34390539729831
91.57521524905128,91.70463359353646
100.71816912656313,100.66711574293747
94.97689255074589,95.03659084991129
92.87840539236414,93.00508655987544
101.73922079777157,101.60594813444474
87.89666488997268,87.65781553474555
98.1778259162231,98.19683489337346
88.14457816639415,87.78779578840015
97.20745386169908,97.24236101295735
93.25488254487675,93.34056687921968
99.63634579378945,99.75659709432595
85.06123906300711,85.07049767350343
93.06532761494032,93.0800277043924
97.0288685457636,97.11220505124668
97.72500025026392,97.64540596698309
88.8797616967378,88.835918309669
93.81433285892521,93.9669909840117
89.86592999542323,90.09787368118116
86.84182680764131,87.15234614535136
94.21976979240031,94.28600367336473
88.87142479009711,88.93046313618747
94.26057675648384,94.4192570566942
87.61145492594797,87.39846700918785
97.66993278797914,97.84913293517268
82.98183903298701,82.73380586313935
97.1651111516554,97.17880634172973
101.21487324852615,101.33229430452768
89.24022321280904,89.31294935056751
93.47559117857587,93.69771585428286
94.26540338664427,94.59254558384548
90.61625159308824,90.57265441202928
94.92226387302118,95.08417078505344
101.83070737853949,101.554938762081
98.93867834332903,99.07178802784749
99.24758267359577,99.45025325703175
99.41454019869022,99.31792203925436
98.56176240625636,98.6936462062469
92.65791615094504,92.63902118673097
102.6874342320137,102.71426687693877
88.6151746070349,88.89063584866919
93.37006349188674,93.74264877093758
94.91370757410041,95.04268231573148
96.93891771095582,96.99580749321642
104.09176421641533,104.1967665391657
95.8913195738651,95.75478831452726
91.66801818349931,91.89249493353093
100.04924206478522,100.12027222628733
102.65759688193111,102.49686087487218
86.58162756353877,85.95907068029366
100.3873255682945,100.03245597163179
89.57128616335771,89.76596473019747
99.30637980464086,99.55964609903519
102.15913762172794,102.21300227956242
103.32081974442855,103.20224725935616
88.93812004322288,88.92753746829287
94.11051243695087,94.31546752017668
91.19544721233838,91.35573840092495
100.02291499118293,99.9278262373695
104.82299868571866,104.9223435850062
99.25899107215677,99.40441157018033
91.65551282353822,91.8676565691075
86.89184824748565,86.95197813520706
102.02355319267619,102.10280195930538
96.60236995340668,96.80160985920126
96.30136374522061,96.38591770208943
88.04256075618531,88.42723392489954
104.86051476560192,104.83081890958049
98.3713299071999,98.29936943147906
98.31077763791464,98.75619129053841
91.24810135954294,91.65866434626484
88.99603960514789,89.11048025415941
99.9002747066523,100.19602168991598
92.67831963298681,92.52200843086113
100.30088500996702,100.04451464434389
100.77126205832774,100.41104519820094
94.481504782463,94.06977896979781
99.9950521716205,99.95199115226698
89.9350385636292,89.96590818689076
88.9787076150264,89.19480754772523
97.42070315787754,97.44135894125604
92.5280359211738,92.87098805574026
106.86839291233579,106.2210512484293
89.44140593358648,89.58827575506295
107.27404923809094,106.5211690275368
103.66329109353823,103.1877774771239
93.33101166604332,93.39194337985593
86.25539124315053,85.71264361043102
90.83476630398714,90.36217215816093
92.51860205313298,92.55183441134061
98.23091884798771,98.34342701518692
102.58366168356469,102.57300974991078
100.80000244701023,101.02432254256239
102.0294767842367,101.86072709494913
102.04198214419779,101.50044941958087
93.81389407436517,93.88439878894307
99.91278006661338,99.93206781594192
100.55450248566896,100.39965146875527
85.9962889604481,85.82941925841082
96.375298943587,96.31363129443882
94.96723929042506,95.27005616667218
87.21150279947334,87.47653761665235
100.79407885544971,100.70270696428877
95.67631513944647,95.72347992561463
92.44356989336647,92.48288062813701
97.44439752411961,97.17081127870112
100.78157349548863,100.73943677039135
91.19764113513858,91.18900016851005
89.12701679631923,89.39513758200648
92.31961325515574,92.59892441831737
93.93587618205574,93.95297059671445
98.65193263334419,98.67503487787319
98.869130990563,99.17563935268474
104.02550774784959,104.03506047659532
97.60192118117322,97.53067401383252
93.74566307527927,93.77171476622554
84.9826966267603,83.62715420070883
87.34884236676524,87.08022777922763
97.35861514263217,97.10465254406147
104.56236065705608,104.42781197480365
94.31454725736852,94.15897156453563
99.85178901276811,99.94543145226037
91.83058786299341,91.62992946084243
95.06552703187356,95.41515769821119
87.25033523303671,87.57995888605289
92.91570207996736,93.19719091190784
85.65337882677838,85.40358902527025
97.29608834282676,97.37277590520891
94.3858497483747,94.26192009788285
99.76447088532052,99.63268672296606
87.18978296375145,87.03331136664444
100.76424150536712,100.8156412855523
87.69657913059535,86.78254895655066
99.89171840773155,99.79382465757992
88.13865457483364,88.37338633901486
94.69190197900122,94.65957348505246
90.24218775565582,90.03256010974376
92.23053998946801,92.25319515050766
97.62517676285526,97.37859536521994
91.92339079744143,91.84474673367349
87.68626769343444,87.50450337744171
96.59732393096623,96.62926303818828
95.96744869503166,95.97657815321729
98.94898978048992,98.41035513594208
87.87231234689057,88.20070771562045
92.57564404593793,92.9604540028203
93.17699828546999,93.32243621347145
97.19450971717797,97.2186023658334
95.08439476795519,95.40996340272697
85.99080415344761,86.05024289915688
101.82785527889922,101.92559022725656
97.78401677358902,97.97878739576872
86.66916508326636,86.54142368994182
93.03088302697735,93.0461993449998
83.13563302128033,82.92864999412966
103.11832066997101,102.73921896555468
90.96289139551826,91.19777343887647
89.3874354327018,88.50915321201767
101.86581014334253,101.9231212417307
91.06249549064685,91.36201886244105
86.17443549182352,85.69991310652578
85.48971218588422,85.56378110332405
97.71776030502329,97.67199176832018
100.69008691472071,100.67181735922684
88.43702807565948,88.57264757190471
94.47031577618202,94.63315785237948
101.57752868739756,101.5546739189512
90.00195320903501,90.25336918483883
100.06767101630682,100.26743567690475
86.46425269372861,86.2675385583647
102.61371842592732,102.4944547216409
100.33971744353036,100.38592163919559
96.91259063735352,96.81468519980665
91.39970142503606,91.48262665554994
101.41013237774307,101.41521008032434
93.22987182495457,93.3947865751624
93.77857191728211,93.8934933876091
95.22019858928698,95.42792793477376
98.9720259698919,99.10726905398217
95.67763149312658,95.67077456894269
100.81360476837139,100.7344460519975
84.36795945814706,83.94544484785483
100.34015622809041,100.48366958235299
95.3685077705798,95.5160075162925
85.46053301264168,85.02173099358417
91.77705614666877,91.95419639653362
90.5004124692382,90.74261019631199
98.8355639717201,98.90886858122842
88.95786534842458,88.4913574425281
98.30551222319419,98.12622626775457
100.47157220382178,100.60601928954695
91.28013263242572,91.52140893987091
87.19263506339169,87.45286399685021
95.70373917444886,95.41111756828552
88.40368044909658,88.02746796488184
88.31351022200877,88.19811538263404
98.67804031466645,98.67628765561692
99.238806982395,99.37288028100072
94.34570096113121,94.55878240753593
91.84594532259473,92.03233639566217
85.42499146327862,85.27450469237515
87.6428280219907,87.21324283648248
101.27981336341179,101.17470604930047
88.57612278119153,88.25852348154187
88.58380151099219,88.15876660794531
99.8195383476053,99.73040042617292
89.38940996322195,89.71343026868537
90.04210199627849,90.2280557538126
96.99310760412051,96.68906323113235
97.05519561936589,97.04379555121504
95.00453597802827,95.06698165121422
87.69679852287537,87.44749270035793
104.60185126745951,104.26548061919941
103.02968618884334,102.99212844649553
103.27913521122494,102.83157840690289
102.06019170343937,101.88292157701964
96.16204964740854,96.28152636527686
90.2235394118542,90.27282580558555
88.71521748672356,89.11857550116149
98.24715387670912,98.16485512361571
100.36121788697224,100.05349333780343
88.77401461776867,88.47155939444603
96.64910050905073,96.79821036166133
94.48720898174349,94.58536041726386
92.2290042435079,92.15722388031092
89.26808603237146,89.38362480791777
84.52789643028092,84.24260544024757
87.69284946183502,88.06586386464453
92.46397337540824,92.69306475614341
104.70715956186864,104.37567882727573
90.04012746575832,89.70219700431282
95.70944337372933,95.63495706428277
101.34628922425755,101.13957310969401
96.47051519311525,96.43390862211065
94.80423082637094,94.68370193099956
87.37012341792708,87.32459197364908
97.72500025026392,97.9157534103969
91.76849984774803,91.93177128811332
89.20863072448631,89.5613170528408
102.34079442958365,102.44290396743547
92.04910257389231,92.2291153153141
93.76014296576051,93.95069921909901
98.5161288120124,98.61772965632407
90.45872793603456,90.35109837040547
94.83494574557359,94.52857845470363
93.34680791020472,93.51724497589943
84.91951165011483,84.69001948721701
90.84661348710817,91.0749428996386
87.6428280219907,87.21779416915923
91.89728311611917,92.31567401640008
97.10148739044992,97.17827206959318
90.58071004372515,90.8203369278066
103.05294177052535,103.03923871989618
87.07394383990142,87.18201081702809
94.47031577618202,94.63368305329665
95.98170919323293,96.06507688511523
90.92800802299523,90.95875938069561
101.57752868739756,101.55092955707654
97.69845378438161,97.80964470556513
99.05298172121893,99.28175629980173
97.69604046930138,97.80661398731276
105.35612192616485,104.58880011670603
91.21431494842004,91.08716721506154
92.27046938443148,92.16514685939696
88.74242212944593,88.68873187356873
95.3685077705798,95.5151143810158
98.19559669090467,98.12742598629633
89.1314046419196,88.80314152715893
103.32081974442855,103.1900435087954
104.66218414446475,104.30027560140583
98.74649070603238,99.04208020431737
101.41057116230311,101.55985005678816
100.53673171098743,100.73167262897199
95.8913195738651,95.74741264648482
90.07874050704167,90.44300800691236
105.02659472157629,104.8215019993619
102.18853618725049,102.2246607488545
97.14997308433412,97.29226479078137
92.04559229741201,92.22415996456029
94.2335915060415,94.29095844143582
89.37756278010092,89.39651931472919
99.52972114570021,99.57653665666318
87.5136059690595,87.10775750810934
99.15587670054784,99.27453912940179
93.63969660403008,93.57815984374965
95.82857338177963,96.11884638368782
100.51983850542595,100.26892737355924
101.03387461751048,100.90317709786122
91.5673171269706,91.71104367468878
95.53743982619444,95.81899843934856
97.01219473248217,97.25342602089326
97.14580463101372,97.29706886528233
102.37458084070659,102.18488941005002
92.57805736101812,92.73577745895012
86.41291490020416,86.05911441182197
99.13657017990617,99.30479601973879
93.90121220181273,93.9588709296611
99.0898396242621,99.40129645735955
103.90703591663933,103.66325016523935
97.05146595060555,97.10839447930972
91.90913029924019,91.8871610801839
104.87236194872293,104.88813346771839
97.05519561936589,97.0362998470073
101.1646324164018,101.1445626621893
103.94586835020267,103.51657877055585
91.51751507940628,91.84058337192631
89.84179684462114,90.23503508786997
90.46618727355522,90.84587436386336
87.39623109924933,86.99899677517
92.72483079635083,92.9198450377876
85.22841598038158,85.20051887303022
87.95765594381795,87.44613091343457
103.7117767874224,103.35795621955016
93.38564034376807,93.55992527776586
99.68987751011409,99.71929825351516
92.23514722734842,92.51195412374285
103.29449267082626,103.23619301288808
85.91862409332136,85.25858004972987
100.93668383746204,101.10823973361654
94.68685595656076,94.88034812515038
89.89072132306538,89.6127030269263
92.77660737443532,93.09062564815373
103.78702833946893,103.71215746575946
100.3873255682945,100.02218495990486
101.82785527889922,101.92909760959732
96.43628999743227,96.63397914670533
89.85079192810191,90.08422779147044
100.30505346328735,100.02709907953478
89.92648226470848,89.88219837274131
100.58148773611128,100.3185238911558
96.91478456015373,97.07476292632636
84.19902740253242,83.9974301908618
93.64386505735042,93.53156559927403
88.6151746070349,88.88279383589078
86.4986972816916,86.41151348165876
88.43702807565948,88.55731738786348
93.38278824412785,93.55295670186548
101.58520741719823,101.64622035196022
84.55334593476312,84.18936564547256
95.96744869503166,95.98112402320375
104.25740538782966,104.30408978395077
101.83070737853949,101.55953522317544
88.26656027408471,87.95754927520137
105.07661616142065,104.93220959349686
88.91376750014075,89.1624276089707
87.2145742913936,87.03953896030943
94.7044073389623,94.8111107936876
95.41852921042415,95.39087689187319
98.59116097177893,98.58377932897555
92.67831963298681,92.51572109385292
98.94898978048992,98.40718825486762
86.15798107082209,85.92329194265189
85.39998074335642,85.69462704590104
85.9962889604481,85.83166417100678
95.53502651111421,95.57797941150399
92.89200771372532,92.79744372005543
87.85871002552939,87.42398671789785
85.99080415344761,86.04601432671895
89.84618469022152,90.29506253319381
99.86824343376952,100.04101352122565
89.92472712646833,90.19380464684652
87.62922570062952,87.55062586290434
96.93869831867579,97.06873997712081
89.45939610054802,89.57049067388438
92.2290042435079,92.15371119982514
91.66801818349931,91.87904641005629
89.10332243007718,88.74313569420578
95.22019858928698,95.409094536436
88.87142479009711,88.92405722790876
85.12968945437304,84.78965301658253
100.60496271007334,100.71514907373582
95.28228660453233,95.37069282313077
101.98954738927324,101.79499959346334
87.17596125011026,87.12373673787751
100.06767101630682,100.26544693199652
89.08620983223571,89.25174533302437
99.87921304777046,99.63194182312772
88.56383681351046,88.66666858517046
89.61604218848159,89.85439674490523
93.74566307527927,93.7651472426203
87.20952826895316,87.26489094932732
93.46747366421516,93.54439047040388
104.09702963113578,103.82694231374843
97.45470896128049,97.45737741783445
89.37514946502074,89.41256064380481
95.73050503261116,95.62237630486074
99.01919531009598,99.00511922480099
95.84436962594103,95.7801480133602
87.63646564587015,87.53455802108353
87.98288605602015,87.99933420550055
100.47968971818248,100.29872384525005
102.4425924475125,102.26302733520255
87.13164400954642,87.33006042061346
89.61757793444171,89.7128021990285
86.69768607966884,86.33056590919865
96.29456258454,96.23871620739978
86.71282414699014,86.57743091686542
86.89184824748565,86.97060848434047
88.61890427579523,88.67916241523211
106.59854040791241,106.09676681453574
88.10772026335096,88.2591953343083
97.27765939130516,97.21798535606526
88.04256075618531,88.42685480286549
101.14598407260019,101.16228502070125
97.44110663991931,97.13920046704597
98.3794474215606,98.40570143651566
90.2235394118542,90.2744880071432
94.7715413766481,94.69180597166623
95.33099169069655,95.40673434125746
91.65551282353822,91.73206523391617
96.67082034477261,96.83683289868726
98.19976514422501,98.19414280732498
85.5820763357722,85.09433823401243
93.84131810936755,94.25205257519794
90.01840763003645,89.84104585233128
100.98714406186643,100.97891446962343
95.92203449306777,96.05726669275056
97.29608834282676,97.34991071254412
88.52478498766708,88.77228571218224
89.13315978015976,89.35203204515678
88.22860540964142,88.16550213127142
98.48651085420988,98.45431205384581
91.19764113513858,91.20338611270633
90.65003800421114,90.61607116355039
84.36795945814706,83.94478376695157
89.44140593358648,89.60563882326655
88.2376004931222,88.16441910793425
91.13950218093355,91.4271393570797
99.01897591781596,99.04624139914257
105.61719873938742,104.74984303810028
98.16795326362228,98.15512905567938
97.72236754290367,97.66249190675013
92.51333663841253,92.66913971635621
92.87840539236414,93.00693206539451
85.48971218588422,85.5529974788541
91.61295072121455,91.53861564151522
91.7579690183071,91.98117570270803
97.83008915239303,97.79849067777299
86.46425269372861,86.27177735318823
97.62517676285526,97.39079815980553
90.37974671522774,90.64816286762313
96.07297638172082,96.18672580645115
91.19544721233838,91.35038172689259
101.87985124926374,101.67433187337578
88.40368044909658,88.01817257043355
87.85673549500922,87.37299577119701
100.00514421650139,100.14066536167856
92.22132551370723,92.57422691150431
92.33277679195689,92.54606862760615
89.44579377918684,89.5128069691465
90.61625159308824,90.5637613160526
87.15380262982835,87.43592848762115
101.24953722876916,101.4437252467891
104.25192058082919,103.85494303243685
89.39445598566239,89.25000377623623
99.07755365658106,99.21592417813885
97.51218973864545,97.54481911635982
92.06709274085388,92.05939836146901
98.869130990563,99.17649674584165
100.0501196339053,99.94874010679554
94.69190197900122,94.66438686057269
87.68122167099402,87.54521061986328
101.3019719836937,101.42025678486938
97.79037914970955,97.77124342270567
88.45304371210086,87.82449379238246
93.39156393532858,93.54901875827103
87.34335755976475,86.9010781760784
96.48653082955664,96.65277082505737
92.84110870476091,93.08894421709171
97.4884953724034,97.59972270265929
90.24218775565582,90.01917621455597
103.37522902987328,103.24046614752878
97.10060982132983,97.14456918972884
91.12107322941195,91.01824095790381
94.46483096918155,94.39340366856858
93.29525072440025,93.42815780043442
86.58162756353877,85.96197324117999
86.34248997831807,86.1515155697107
100.22278135828023,99.97534784890742
87.58205636042543,87.30235613630465
96.47051519311525,96.42934633894335
89.38940996322195,89.70168613557998
103.99237951356673,103.72422210515869
97.66993278797914,97.84352425228032
85.30322874786806,84.65746311938598
97.78401677358902,97.97083849226478
94.12279840463192,93.91047635040742
98.62297285238166,98.767209555224
85.72292617954442,85.39415207883566
96.79038913738295,97.065026958177
93.47559117857587,93.69356985885362
102.03627794491729,102.01286717333245
89.86592999542323,90.10227842875021
100.79407885544971,100.69882908965032
89.60902163552099,89.30102303271896
84.09108640076306,83.87406457115596
100.60496271007334,100.67101302694017
105.53514602666033,104.89998312921115
94.21318802399975,94.2883900704319
103.68413336014001,103.42546430604638
85.76483010502803,85.54273114600927
105.82276930576525,105.09562906950818
98.52600146461327,98.57579780592359
89.24022321280904,89.30380252412091
93.67830964531339,93.80016792465507
85.22819658810155,84.76102806183418
86.2667996417115,85.92325003399357
93.51201029705902,93.6635842461193
98.32459935155586,98.23450846885227
88.36813889973351,88.33496415300614
101.24383302948867,100.93591022722207
99.2872926762792,99.31198349282694
100.35639125681179,99.89861945500571
92.05963340333322,92.24632476327737
100.40048910509562,100.33647199232395
94.90076342957929,95.22058439467243
95.00453597802827,95.05783720749595
100.99219008430688,101.06053199266263
99.24758267359577,99.45255741420534
85.97917636260661,85.6559472422256
101.97879716755232,101.63709905026452
101.34168198637715,101.15004592732829
91.98262671304656,92.3513354734181
87.37012341792708,87.3161350178848
92.79306179543676,93.10204034137566
87.72400316559772,87.66332113112925
84.67752196525386,84.83232674043042
100.01479747682224,100.1409361270586
100.53848684922757,100.70210024484835
92.43567177128581,92.75739180728375
90.34420516586466,90.42885514279216
88.91793595346111,88.68325406353735
97.91674910300053,97.99981918005552
101.38907071886123,101.49109317304853
98.76799114947424,98.8220797216543
101.99766490363398,101.96602116350563
90.39115511378871,90.25300114629773
97.32855840026956,97.34781687347312
95.30510340165434,95.49967367366334
99.02336376341634,98.88192572943002
91.63949718709685,91.55170518355955
102.61371842592732,102.485154169122
85.28019255846607,85.06037812990702
89.40586438422338,89.37706320627002
89.35935322085936,89.44612854011247
89.18142608176396,88.84712552002067
94.78053646012889,94.87221321532606
87.75076902376004,87.6476410723999
97.54334344240817,97.67065797187355
101.59595763891916,101.64353186370944
87.83852593576763,86.86113165848259
97.42070315787754,97.44350248185232
98.49155687665028,98.41569220059218
98.78905280835608,98.71912357794817
94.23424968288155,94.29975716710136
102.15913762172794,102.21957989834665
93.37006349188674,93.73841816250605
100.96520483386453,100.8032326969119
104.1608727846213,103.91078698097103
95.06552703187356,95.41614845866458
99.74121530363853,99.52703449199511
101.36515696033919,101.36493744589201
85.88922552779881,85.84872627887115
88.86045517609615,88.77450320740867
87.01975394673673,86.8136843771771
102.58080958392448,102.60824960794629
93.48458626205664,93.50993618878205
97.9674287196849,97.83038325061092
91.39970142503606,91.47550926776604
100.78157349548863,100.75224080739794
100.09070720570881,100.0782502938056
93.97426983105906,94.19636845764116
96.56989989596386,96.4649279660547
87.65994061983217,87.51093051446982
85.7389418159858,85.21679012614221
98.65193263334419,98.66656616123409
89.98023337331314,89.79074871866705
102.18392894937008,102.16283839210782
97.08327783120832,97.50976672882202
96.33339501810337,96.4440415592335
104.6468266848634,104.04319996030803
92.84066992020088,92.98886819527435
92.31961325515574,92.59002391523747
97.72500025026392,97.64817761666815
90.22551394237439,90.42625546538319
90.86899149967012,91.27823747502795
87.07109174026117,87.03580924993186
92.11755296525824,92.10020014050237
97.87769727715714,97.86369263680787
105.51605889829868,105.13385210830133
89.26369818677107,89.5062004284696
100.34015622809041,100.48357067902533
